"Cursus","","Discipline","","Type de discipline","","Sous-type","","UE","","Année par défaut dans le cursus"
"Accompagnement - 1er Cycle","","00009 - Mise en situation professionnelle - 1er cycle","","Discipline principale","","",""," - Aspects pratiques des métiers","","1ère année"
"Accompagnement au piano - 2ème Cycle","","00010 - Cours ou séminaire dans une autre institution","","Discipline complémentaire imposée","","Aspects pratiques des métiers",""," - Enseignements complémentaires","","1ère année"
"Accompagnement chorégraphique - 1er Cycle","","00015 - Travail d'étude personnel","","Discipline complémentaire imposée fléchée","","Disciplines principales",""," - Enseignements complémentaires communs","","1ère année"
"Accompagnement vocal - 2ème Cycle","","00017 - Piano complémentaire FSMSI","","Discipline complémentaire optionnelle fléchée","","Enseignements complémentaires",""," - Enseignements de spécialisation","","1ère année"
"Accordéon - 1er Cycle","","00020 - Orchestre","","Discipline complémentaire optionnelle","","Enseignements complémentaires communs","","00000363-UE1 - Pratique artistique","","1ère année"
"Accordéon - 2ème Cycle","","00027 - Perception auditive","","A définir","","Enseignements de spécialisation","","00000363-UE2 - Recherche et culture","","1ère année"
"Alto - 1er Cycle","","00028 - Initiation à la pédagogie","","","","Enseignements musicaux","","00000363-UE3 - Professionnalisation","","2ème année"
"Alto - 2ème Cycle","","00029 - Méthodologie de recherche","","","","Enseignements pratiques","","00000364-UE1 - Pratique artistique","","2ème année"
"Alto baroque - 2ème Cycle","","00031 - Histoire et esthétique en musiques actuelles","","","","Enseignements scientifiques","","00000364-UE2 - Recherche et culture","","2ème année"
"Artist diploma – Interprétation Création (RIM) - 3ème Cycle","","00038 - Prise de son classique","","","","Enseignements techniques","","00000364-UE3 - Professionnalisation","","2ème année"
"Artist diploma – Interprétation Création - 3ème Cycle","","00056 - Réalisation en informatique musicale : développement, création, répertoire","","","","fléchée","","00008363-UE1 - Pratique artistique","","2ème année"
"Artiste intervenant en milieu scolaire (AIMS) - 3ème Cycle","","00063 - Histoire et analyse du Jazz","","","","Tronc commun","","00008363-UE2 - Recherche et culture","","2ème année"
"Basse continue organistes - 2ème Cycle","","00065 - Projet symphonique","","","","","","00008363-UE3 - Professionnalisation","","3ème année"
"Basson allemand - 1er Cycle","","00066 - Arrangement Jazz","","","","","","00008364-UE1 - Pratique artistique","","3ème année"
"Basson allemand - 2ème Cycle","","00067 - Atelier 2e cycle","","","","","","00008364-UE2 - Recherche et culture","","3ème année"
"Basson ancien - 1er Cycle","","00069 - Répertoire contemporain (Danse)","","","","","","00008364-UE3 - Professionnalisation","","3ème année"
"Basson ancien - 2ème Cycle","","00070 - Analyse classique et contemporaine","","","","","","00008463-UE1 - Pratique artistique","","3ème année"
"Basson français - 1er Cycle","","00071 - Orchestration classique et contemporaine","","","","","","00008463-UE2 - Recherche et culture","","3ème année"
"Basson français - 2ème Cycle","","00076 - Mise en situation professionnelle - 2e cycle","","","","","","00008463-UE3 - Professionnalisation","","4ème année"
"Chant 1er cycle - 1er Cycle","","00080 - Etude des traités ""A""","","","","","","00008464-UE1 - Pratique artistique","","4ème année"
"Chant 2ème cycle - 2ème Cycle","","00081 - Etude des traités et ornementation ""B""","","","","","","00008464-UE2 - Recherche et culture","","5ème année"
"Clarinette - 1er Cycle","","00082 - Basson ancien","","","","","","00008464-UE3 - Professionnalisation","","4ème année"
"Clarinette - 2ème Cycle","","00086 - Musique pour l'image (initiation)","","","","","","00009263  UE6 - F.M.","","4ème année"
"Clarinette basse - 2ème Cycle","","00088 - Formation musicale (danseurs)","","","","","","00009263 UE1 - Apprentissages technique et artistique classique","","5ème année"
"Clarinette historique - 1er Cycle","","00090 - Langue vivante","","","","","","00009263 UE2 - Ateliers fondamentaux","","5ème année"
"Clarinette historique - 2ème Cycle","","00095 - Orchestre (musique ancienne)","","","","","","00009263 UE3 - Disciplines complémentaires","","6ème année"
"Clavecin et Basse continue - 1er Cycle","","00097 - Formation musicale et lecture à vue chanteurs·euses","","","","","","00009263 UE4 - AFCMD","","7ème année"
"Clavecin et Basse continue - 2ème Cycle","","00100 - Encadrement et coordination d’équipe","","","","","","00009263 UE5 - C.C.A.","","8ème année"
"Composition - 1er Cycle","","00101 - Improvisation","","","","","","000092A9 UE1 - Apprentissages technique et artistique classique","","9ème année"
"Composition - 2ème Cycle","","00102 - Sciences de l'éducation","","","","","","000092A9 UE2 - Disciplines complémentaires","",""
"Composition - Doctorat SACRe - 3ème Cycle","","00103 - Histoire des écrits","","","","","","000092A9 UE3 - Disciplines théoriques","",""
"Contrebasse - 1er Cycle","","00109 - Didactique du cor","","","","","","00009363 UE1 - Apprentissages technique et artistique contemporain","",""
"Contrebasse - 2ème Cycle","","00112 - Didactique de l'orgue","","","","","","00009363 UE2 - Ateliers fondamentaux","",""
"Contrebasse historique et violone - 1er Cycle","","00125 - AFCMD Benesh 1er cycle 1re année","","","","","","00009363 UE3 - Disciplines complémentaires","",""
"Contrebasse historique et violone - 2ème Cycle","","00126 - Accompagnement","","","","","","00009363 UE4 - AFCMD","",""
"Cor - 1er Cycle","","00127 - Cor ancien","","","","","","00009363 UE5 - C.C.A.","",""
"Cor - 2ème Cycle","","00130 - Direction ensembles vocaux (initiation)","","","","","","00009363 UE6 - F.M.","",""
"Cor ancien - 1er Cycle","","00131 - Préparation physique et mentale du musicien","","","","","","000093A9 UE1 - Apprentissages technique et artistique contemporain","",""
"Cor ancien - 2ème Cycle","","00132 - Lecture sur les sources","","","","","","000093A9 UE2 - Ateliers fondamentaux","",""
"Cursus DE - 1er Cycle","","00133 - Polyphonies improvisées","","","","","","000093A9 UE3 - Disciplines complémentaires","",""
"Cursus DE - 2e DE - 1er Cycle","","00134 - Quatuor à cordes","","","","","","000093A9 UE4 - Disciplines théoriques","",""
"Cycle supérieur de formation musicale - Cycle Supérieur","","00149 - Analyse musicale B","","","","","","00009663-UE1 - Pratique artistique","",""
"Danse classique femme - Année préparatoire supérieure - Cycle Préparatoire","","00150 - Contrepoint médiéval","","","","","","00009663-UE2 - Recherche et culture","",""
"Danse classique femme - DNSPD - 1er Cycle","","00151 - Histoire de la musique du MA et de la Renaissance","","","","","","00009663-UE3 - Professionnalisation","",""
"Danse classique homme - Année préparatoire supérieure - Cycle Préparatoire","","00152 - Analyse théorique et appliquée","","","","","","00009763-UE1 - Pratique artistique","",""
"Danse classique homme - DNSPD - 1er Cycle","","00158 - Analyse musicale A","","","","","","00009763-UE2 - Recherche et culture","",""
"Danse contemporaine - Année préparatoire supérieure - Cycle Préparatoire","","00160 - Pratique monodique de  l'harmonie","","","","","","00009763-UE3 - Professionnalisation","",""
"Danse contemporaine - DNSPD - 1er Cycle","","00161 - Trompette naturelle (initiation)","","","","","","00009764-UE1 - Pratique artistique","",""
"Danseur interprète : répertoire et création - 2ème Cycle","","00162 - Pédagogie Jazz","","","","","","00009764-UE2 - Recherche et culture","",""
"Diplôme d'artiste interprète - 3ème Cycle","","00163 - Histoire de la musique A","","","","","","00009764-UE3 - Professionnalisation","",""
"Diplôme de Composition de Musique à l'Image (DCMI) - Cycle Supérieur","","00165 - Histoire de la musique - étude de l'interprétation","","","","","","00012363-UE1 - Pratique artistique","",""
"Direction d'orchestre - 1er Cycle","","00166 - Histoire de la musique B","","","","","","00012363-UE2 - Recherche et culture","",""
"Direction d'orchestre - 2ème Cycle","","00168 - Approche critique de l’interprétation","","","","","","00012363-UE3 - Professionnalisation","",""
"Direction de chant - 2ème Cycle","","00173 - Approche répertoire classique et romantique du violon sur instrument historique","","","","","","00013163-UE1 - Pratique artistique","",""
"Doctorat de Musique - Recherche et Pratique - 3ème Cycle","","00176 - Culture musicale pour les compositeurs","","","","","","00013163-UE2 - Recherche et culture","",""
"ECMAster - 2ème Cycle","","00177 - Composition de musique à l'image","","","","","","00013163-UE3 - Professionnalisation","",""
"Flûte - 1er Cycle","","00179 - Piano complémentaire (chefs d'orchestre)","","","","","","00018464-UE1 S1-2 - Entrainement régulier du danseur","",""
"Flûte - 2ème Cycle","","00180 - Stage","","","","","","00018464-UE1 S3-4 - Projets artistiques","",""
"Flûte piccolo - 2ème Cycle","","00188 - Répertoire contemporain","","","","","","00018464-UE2 S1-2 - Projets artistiques","",""
"Flûte traversière baroque - 1er Cycle","","00189 - Didactique de la musique d'ensembles - 1","","","","","","00018464-UE2 S3-4 - Réalisation d'un mémoire de recherche en lien avec des enjeux chorégraphiques","",""
"Flûte traversière baroque - 2ème Cycle","","00190 - Invention instrumentale","","","","","","00018464-UE3 S1-2 - Initiation à la Médiation culturelle","",""
"Formation au CA  - Alto - 2ème Cycle","","00191 - Pédagogie du rythme","","","","","","00018464-UE3 S3-4 - Projet de médiation","",""
"Formation au CA - Accordéon - 2ème Cycle","","00192 - Pédagogie du rythme approfondissement","","","","","","00018464-UE4 - Enseignements pratiques","",""
"Formation au CA - Basson - 2ème Cycle","","00193 - Formation à la rédaction","","","","","","00018464-UE4 S1-2 - Approches méthodologiques de la recherche théorique et pratique","",""
"Formation au CA - Chant - 2ème Cycle","","00194 - Ouverture au jazz","","","","","","00018464-UE4 S3-4 - Projet personnel","",""
"Formation au CA - Clarinette - 2ème Cycle","","00195 - Diction lyrique française accompagnateurs·rices","","","","","","00018464-UE5 S1-2 - Administration / droit du travail","",""
"Formation au CA - Clavecin - 2ème Cycle","","00197 - Basse continue claviers","","","","","","00018464-UE5 S3-4 - Stages d'insertion professionnelle","",""
"Formation au CA - Contrebasse - 2ème Cycle","","00198 - Harmonie appliquée à l'interprétation","","","","","","164ECMASTER-UE1 - Pratique artistique","",""
"Formation au CA - Cor - 2ème Cycle","","00202 - Méthodologie de recherche - Cursus DE","","","","","","164ECMASTER-UE2 - Recherche et culture","",""
"Formation au CA - Flûte - 2ème Cycle","","00205 - Stage en conservatoire - Cursus DE","","","","","","164ECMASTER-UE3 - Professionnalisation","",""
"Formation au CA - Formation musicale - 2ème Cycle","","00206 - Maquettage","","","","","","ACC02064-UE1 - Pratique artistique","",""
"Formation au CA - Guitare - 2ème Cycle","","00207 - Ergonomie de projet","","","","","","ACC02064-UE2 - Recherche et culture","",""
"Formation au CA - Harpe - 2ème Cycle","","00208 - Histoire du cinéma et de ses musiques","","","","","","ACC02064-UE3 - Professionnalisation","",""
"Formation au CA - Hautbois - 2ème Cycle","","00210 - Métiers de la culture musicale","","","","","","ACC03064-UE1 - Pratique artistique","",""
"Formation au CA - Jazz - 2ème Cycle","","00211 - Didactique de l'alto - Sortie","","","","","","ACC03064-UE2 - Recherche et culture","",""
"Formation au CA - Orgue - 2ème Cycle","","00212 - Didactique du piano - Sortie","","","","","","ACC03064-UE3 - Professionnalisation","",""
"Formation au CA - Percussions - 2ème Cycle","","00213 - Didactique du saxophone - Sortie","","","","","","ACC05063-UE1 - Pratique artistique","",""
"Formation au CA - Piano - 2ème Cycle","","00214 - Didactique du tuba - Sortie","","","","","","ACC05063-UE2 - Recherche et culture","",""
"Formation au CA - Saxophone - 2ème Cycle","","00215 - Didactique de la trompette - Sortie","","","","","","ACC05063-UE3 - Professionnalisation","",""
"Formation au CA - Trombone - 2ème Cycle","","00216 - Didactique du cor - Sortie","","","","","","ACC05064-UE1 - Pratique artistique","",""
"Formation au CA - Trompette - 2ème Cycle","","00217 - Didactique du trombone - Sortie","","","","","","ACC05064-UE2 - Recherche et culture","",""
"Formation au CA - Tuba - 2ème Cycle","","00218 - Didactique de la flûte - Sortie","","","","","","ACC05064-UE3 - Professionnalisation","",""
"Formation au CA - Viole de gambe - 2ème Cycle","","00219 - Didactique de l'orgue - Sortie","","","","","","ALT01063-UE1 - Pratique artistique","",""
"Formation au CA - Violon - 2ème Cycle","","00220 - Didactique du violon - Sortie","","","","","","ALT01063-UE2 - Recherche et culture","",""
"Formation au CA - Violoncelle - 2ème Cycle","","00221 - Didactique des percussions - Sortie","","","","","","ALT01063-UE3 - Professionnalisation","",""
"Formation au CA - Violoncelle baroque - 2ème Cycle","","00222 - Didactique du chant - Sortie","","","","","","ALT01064-UE1 - Pratique artistique","",""
"Formation diplômante au CA - Directeur - 2ème Cycle","","00223 - Didactique de la clarinette - Sortie","","","","","","ALT01064-UE2 - Recherche et culture","",""
"FSMSI Mention SON - 1e cycle - 1er Cycle","","00224 - Didactique de la guitare - Sortie","","","","","","ALT01064-UE3 - Professionnalisation","",""
"FSMSI Mention SON - 2e cycle - Cycle Supérieur","","00225 - Didactique du hautbois - Sortie","","","","","","AltoBaroque201-UE1 - Pratique artistique","",""
"Guitare - 1er Cycle","","00226 - Didactique de la harpe - Sortie","","","","","","AltoBaroque201-UE2 - Recherche et culture","",""
"Guitare - 2ème Cycle","","00227 - Didactique du clavecin - Sortie","","","","","","AltoBaroque201-UE3 - Professionnalisation","",""
"Harpe - 1er Cycle","","00228 - Didactique du basson - Sortie","","","","","","BAS01063-UE1 - Pratique artistique","",""
"Harpe - 2ème Cycle","","00229 - Didactique du violoncelle - Sortie","","","","","","BAS01063-UE2 - Recherche et culture","",""
"Hautbois / Cor anglais - 1er Cycle","","00230 - Didactique de la contrebasse - Sortie","","","","","","BAS01063-UE3 - Professionnalisation","",""
"Hautbois / Cor anglais - 2ème Cycle","","00231 - Didactique de l'accordéon - Sortie","","","","","","BAS01064-UE1 - Pratique artistique","",""
"Hautbois baroque - 1er Cycle","","00232 - Didactique de la viole de gambe - Sortie","","","","","","BAS01064-UE2 - Recherche et culture","",""
"Hautbois baroque - 2ème Cycle","","00234 - Didactique du jazz - Sortie","","","","","","BAS01064-UE3 - Professionnalisation","",""
"Improvisation au piano - 1er Cycle","","00236 - Didactique de la musique d'ensembles - 2","","","","","","CHA01063-UE1 - Pratique artistique","",""
"Improvisation au piano - 2ème Cycle","","00237 - Didactique de la musique d'ensembles - 3","","","","","","CHA01063-UE2 - Recherche et culture","",""
"Improvisation générative - 1er Cycle","","00238 - Didactique de la musique d'ensemble - Sortie","","","","","","CHA01063-UE3 - Professionnalisation","",""
"Improvisation à l'orgue - 1er Cycle","","00242 - Parcours Pro B - Carrières et métiers (ex-APM3)","","","","","","CHA01064-UE1 - Pratique artistique","",""
"Improvisation à l'orgue - 2ème Cycle","","00242CA - Cadres d’emploi du musicien et du danseur","","","","","","CHA01064-UE2 - Recherche et culture","",""
"Jazz et musiques improvisées - 1er cycle - 1er Cycle","","00243 - Répertoires contemporains","","","","","","CHA01064-UE3 - Professionnalisation","",""
"Jazz et musiques improvisées - 2ème cycle - 2ème Cycle","","00244 - Atelier analyse et interprétation","","","","","","CLA01063-UE1 - Pratique artistique","",""
"Luths, Théorbe et Basse continue - 1er Cycle","","00245 - Sciences de l'éducation musicale (Volet 1 ""Théories et modèles"")","","","","","","CLA01063-UE2 - Recherche et culture","",""
"Luths, Théorbe et Basse continue - 2ème Cycle","","00245b - Sciences de l'éducation musicale (Volet 2 ""Contextes et pratiques"")","","","","","","CLA01063-UE3 - Professionnalisation","",""
"Musicologie cycle préparatoire - Cycle Préparatoire","","00246 - Culture chorégraphique et artistique","","","","","","CLA01064-UE1 - Pratique artistique","",""
"Musicologie cycle supérieur - Cycle Supérieur","","00250 - Direction d'ensembles vocaux","","","","","","CLA01064-UE2 - Recherche et culture","",""
"Musique de chambre - 1er Cycle","","00254 - Nouvelles technologies appliquées à la composition (NTAC)","","","","","","CLA01064-UE3 - Professionnalisation","",""
"Musique de chambre - 2ème Cycle","","00257 - Culture et esthétique musicale","","","","","","CLA03063-UE1 - Pratique artistique","",""
"Musique de chambre-2e discipline principale (musique ancienne) - 1er Cycle","","00258 - Basse continue (Pianoforte)","","","","","","CLA03063-UE2 - Recherche et culture","",""
"Notation du mouvement Benesh - 1er Cycle","","00259 - Écoute et esthétique musicale","","","","","","CLA03063-UE3 - Professionnalisation","",""
"Notation du mouvement Benesh - 2ème Cycle","","00260 - Mathématiques, traitement du signal et synthèse sonore","","","","","","CLA03064-UE1 - Pratique artistique","",""
"Notation du mouvement Laban - 1er Cycle","","00262 - Acoustique et sonorisation Partie 1","","","","","","CLA03064-UE2 - Recherche et culture","",""
"Notation du mouvement Laban - 2ème Cycle","","00263 - Acoustique et sonorisation Partie 2","","","","","","CLA03064-UE3 - Professionnalisation","",""
"Ondes Martenot - 1er Cycle","","00264 - Technologie audio","","","","","","COM01063-UE1 - Pratique artistique","",""
"Ondes Martenot - 2ème Cycle","","00283 - Parcours Pro B - Médiation (ex-APM4)","","","","","","COM01063-UE2 - Recherche et culture","",""
"Orchestration - Hors Cycle","","00284 - Méthodologie et théories de la musicologie","","","","","","COM01063-UE3 - Professionnalisation","",""
"Orgue-interprétation - 1er Cycle","","00288 - APM-SON : Entreprendre dans les métiers de l'audiovisuel","","","","","","COM01064-UE1 - Pratique artistique","",""
"Orgue-interprétation - 2ème Cycle","","00289 - APM-SON : Sécurité normes gestion des risques dans le spectacle vivant","","","","","","COM01064-UE2 - Recherche et culture","",""
"Percussion - 1er Cycle","","00291 - Communication et gestion de projet","","","","","","COM01064-UE3 - Professionnalisation","",""
"Percussion - 2ème Cycle","","00292 - APM-SON : Droits, réglementation : création, production, édition","","","","","","CON01063-UE1 - Pratique artistique","",""
"Piano - 1er Cycle","","00293 - Design sonore","","","","","","CON01063-UE2 - Recherche et culture","",""
"Piano - 2ème Cycle","","00294 - Direction artistique","","","","","","CON01063-UE3 - Professionnalisation","",""
"Piano - DIM - 3ème Cycle","","00296 - Ingénierie et exploitation","","","","","","CON01064-UE1 - Pratique artistique","",""
"Pianoforte - 1er Cycle","","00297 - Mastering","","","","","","CON01064-UE2 - Recherche et culture","",""
"Pianoforte - 2ème Cycle","","00298 - Mixage musique acoustique","","","","","","CON01064-UE3 - Professionnalisation","",""
"Pianoforte - 3ème Cycle","","00302 - Prise de son Jazz et musiques actuelles","","","","","","CON02063-UE1 - Pratique artistique","",""
"Pot commun des DCOs - 1er Cycle","","00303 - Prise de son, mixage, post production - Musiques acoustiques","","","","","","CON02063-UE2 - Recherche et culture","",""
"Quatuor à cordes - 1er Cycle","","00304 - Prise de son, mixage, post production - Musiques amplifiées","","","","","","CON02063-UE3 - Professionnalisation","",""
"Quatuor à cordes - 2ème Cycle","","00306 - Réalisation et mixage en musiques actuelles","","","","","","CON02064-UE1 - Pratique artistique","",""
"Répertoire contemporain et création chant - 3ème Cycle","","00307 - Son à l'image : spécialisation","","","","","","CON02064-UE2 - Recherche et culture","",""
"Saxhorn / Euphonium - 1er Cycle","","00308 - Son à l'image - initiation","","","","","","CON02064-UE3 - Professionnalisation","",""
"Saxhorn / Euphonium - 2ème Cycle","","00309 - Sonorisation : spécialisation","","","","","","COR01063-UE1 - Pratique artistique","",""
"Saxophone - 1er Cycle","","00311 - Mixage musiques actuelles","","","","","","COR01063-UE2 - Recherche et culture","",""
"Saxophone - 2ème Cycle","","00313 - Composition Jazz","","","","","","COR01063-UE3 - Professionnalisation","",""
"Trombone - 1er Cycle","","00315 - Médiation musicale","","","","","","COR01064-UE1 - Pratique artistique","",""
"Trombone - 2ème Cycle","","00316 - Artiste intervenant en milieu scolaire (AIMS)","","","","","","COR01064-UE2 - Recherche et culture","",""
"Trombone basse (2e discipline principale) - 2ème Cycle","","00317 - Approche répertoire classique et romantique du violon sur instrument historique (option)","","","","","","COR01064-UE3 - Professionnalisation","",""
"Trombone basse - 1er Cycle","","00318 - Modalité/tonalité","","","","","","DE-UE 2 - Recherche et culture","",""
"Trombone basse - 2ème Cycle","","00319 - Initiation à l'histoire de la danse","","","","","","DE-UE 3 - Professionnalisation","",""
"Trompette - 1er Cycle","","00320 - Prise de son, enregistrement et nouveaux médias","","","","","","DE-UE 4 - Formation pédagogique","",""
"Trompette - 2ème Cycle","","00321 - Vidéo 360, Audio 3D, nouveaux médias","","","","","","DIR00364-UE1 - Pratique artistique","",""
"Tuba - 1er Cycle","","00322 - Création, composition, production pour la musique à l'image FSMSI","","","","","","DIR00364-UE2 - Recherche et culture","",""
"Tuba - 2ème Cycle","","00323 - Musique filmée : Direction artistique et prise de son","","","","","","DIR00364-UE3 - Professionnalisation","",""
"Viole de gambe - 1er Cycle","","00324 - Musique filmée : Vidéo","","","","","","DIR01063-UE1 - Pratique artistique","",""
"Viole de gambe - 2ème Cycle","","00326 - Projets de production (Book)","","","","","","DIR01063-UE2 - Recherche et culture","",""
"Violon - 1er Cycle","","00327 - Projet de recherche","","","","","","DIR01063-UE3 - Professionnalisation","",""
"Violon - 2ème Cycle","","00328 - Séminaire de recherche-médiation : Situations de médiation","","","","","","DIR01064-UE1 - Pratique artistique","",""
"Violon baroque - 1er Cycle","","00329 - Management des organisations culturelles","","","","","","DIR01064-UE2 - Recherche et culture","",""
"Violon baroque - 2ème Cycle","","00330 - Méthodologie pratique de la recherche et de la médiation","","","","","","DIR01064-UE3 - Professionnalisation","",""
"Violoncelle - 1er Cycle","","00337 - Séminaires Notation du mouvement","","","","","","ECR01068-UE1 - Pratique artistique","",""
"Violoncelle - 2ème Cycle","","00338 - Cinétographie Laban 1er cycle -2ème année","","","","","","ECR01068-UE2 - Recherche et culture","",""
"Violoncelle baroque - 1er Cycle","","00339 - Direction de choeur, technique et répertoires","","","","","","ECR01068-UE3 - Professionnalisation","",""
"Violoncelle baroque - 2ème Cycle","","00340 - Activité d'ensemble (orchestre)","","","","","","ECR03063 UE1 S1-2 - Ecriture Benesh fondamentaux du systèmes","",""
"Écriture - Cycle Supérieur","","00344 - Approche historique et technique du violon","","","","","","ECR03063 UE1 S3-4 - Ecriture Benesh","",""
"","","00345 - Organologie : approche pluridisciplinaire de l'instrument de musique","","","","","","ECR03063 UE2 S1-2 - Dossier Ecriture 1","",""
"","","00346 - Approche historique et technique des ondes Martenot","","","","","","ECR03063 UE2 S3-4 - Dossier Ecriture 2","",""
"","","00347 - Approche historique et technique du piano","","","","","","ECR03063 UE3 S1-2 - Formation musicale appliquée à la notation","",""
"","","00348 - Parcours Pro A - Médiation (ex-APM2/Publics)","","","","","","ECR03063 UE3 S3-4 - Formation musicale appliquée à la notation","",""
"","","003481 - Parcours Pro A - Santé et prévention (ex-APM1)","","","","","","ECR03063 UE4 S1-2 - AFCMD","",""
"","","003482 - Parcours Pro A - Carrières et métiers (ex-APM2/Projet)","","","","","","ECR03063 UE4 S3-4 - AFCMD","",""
"","","00349 - Art dramatique : technique du comédien","","","","","","ECR03063 UE5 S3-4 - Ecrire une partition chorégraphique","",""
"","","00352 - DCO non fléchée parcours DE","","","","","","ECR03063 UE5 Semestres 1-2 - Culture chorégraphique, histoire des systèmes d'écritures du mouvement","",""
"","","00353 - DCO fléchée DE","","","","","","ECR03063 UE6 S3-4 - Transmettre d'après une partition","",""
"","","00356 - Didactique de la formation musicale","","","","","","ECR03063 UE6 Semestres 1-2 - Lecture et interprétation d'une oeuvre d'un solo","",""
"","","00357 - Didactique de la formation musicale - Sortie","","","","","","ECR03064-UE1 - Ecriture Benesh B2.1","",""
"","","00358 - Technique vocale A","","","","","","ECR03064-UE1 - projets professionnels B2.2","",""
"","","00359 - Initiation à la médiation","","","","","","ECR03064-UE2 - Séminaires interdisciplinaires : analyse de partitions et contextualisation de projet B2.1","",""
"","","00362 - Arrangement","","","","","","ECR03064-UE2 S3-4 - Accompagnement individuel","",""
"","","00363 - Piano complémentaire","","","","","","ECR03064-UE3 - projet video B2.1","",""
"","","00364 - Initiation au trombone basse","","","","","","ECR03064-UE3 S3-4 - Méthodologie de la recherche Benesh 2ème cycle 2ème année","",""
"","","AB908 - Poursuite de cursus (Pédagogie)","","","","","","ECR03064-UE4 - Notation à vue et partition de travail B2.1","",""
"","","AC006 - Accompagnement au piano","","","","","","ECR03064-UE5 - Parcours B2.1","",""
"","","AC009 - Accompagnement chorégraphique","","","","","","ECR03064-UE6 - Méthodologie de la recherche Benesh 2","",""
"","","AC012 - Accompagnement vocal, lied et oratorio, 2e cycle supérieur","","","","","","ECR03064-UE7 - Accompagnement individuel B2","",""
"","","AC013 - Accordéon","","","","","","ECR03064-UE8 - Bilan et perspective B2.1","",""
"","","AC015 - Accords, tempéraments et réglage","","","","","","ECR04063 UE1 S1-2 - Cinétographie","",""
"","","AC018 - Accords et tempéraments (Initiation)","","","","","","ECR04063 UE1 S3-4 - Cinétographie","",""
"","","AC030 - Initiation à l'accompagnement chorégraphique","","","","","","ECR04063 UE2 S1-2 - Etudes Labanniennes","",""
"","","AC161 - Accordéon Jazz","","","","","","ECR04063 UE2 S3-4 - Analyse Labannienne du mouvement","",""
"","","ACCMEMOIRE - Accompagnement à la rédaction du mémoire","","","","","","ECR04063 UE3 S1-2 - Formation musicale appliquée à la notation","",""
"","","AD036 - Adage","","","","","","ECR04063 UE3 S3-4 - Formation musicale appliquée à la notation","",""
"","","ADM001 - Administration / droit du travail","","","","","","ECR04063 UE4 S1-2 - dossier écriture : établissement d'une partition d'un solo","",""
"","","AFD001 - AFCMD Danse","","","","","","ECR04063 UE4 S3-4 - Dossier d'écriture : établissement d'une partition d'un duo ou d'un groupe","",""
"","","AL042 - Allemand","","","","","","ECR04063 UE5 S1-2 - Lecture et interprétation d'une oeuvre d'un solo","",""
"","","AL045 - Alto","","","","","","ECR04063 UE5 S3-4 - Lecture et transmission d'une oeuvre d'après partition d'une duo ou d'un groupe","",""
"","","AL048 - Alto baroque (Initiation)","","","","","","ECR04063 UE6 S1-2 - Culture chorégraphique, histoire de ssystèmes d'écritures du mouvement","",""
"","","ALTOBAR2 - Alto baroque","","","","","","ECR04064-UE1 S-3-4 - Projet personnel Majeur","",""
"","","AMR001 - Approches méthodologiques de recherche Danse","","","","","","ECR04064-UE1 S1-2 - Cinétographie-L2.1","",""
"","","AN060 - Analyse FSMSI","","","","","","ECR04064-UE2 S-3-4 - Projet personnel Mineur","",""
"","","AN064 - Analyse compositeurs-chefs d'orchestre-métiers du son","","","","","","ECR04064-UE2 S1-2 - Séminaire Transmission","",""
"","","AN069 - Analyse et culture musicale chanteurs·euses","","","","","","ECR04064-UE3 S-3-4 - Méthodologie de la recherche pour les projets personnels","",""
"","","AN070 - Analyse et culture musicale chanteurs·euses (option)","","","","","","ECR0464 UE3 S1-2 - Séminaire Enseignement","",""
"","","AN072 - Anatomie - Physiologie","","","","","","FAG01063-UE1 - Pratique artistique","",""
"","","AN075 - Anglais","","","","","","FAG01063-UE2 - Recherche et culture","",""
"","","AN078 - Anglais : métiers de l'audiovisuel - Part 1","","","","","","FAG01063-UE3 - Professionnalisation","",""
"","","AR081 - Arrangement (Chanson ou Jazz) FSMSI","","","","","","FAG01064-UE1 - Pratique artistique","",""
"","","AR084 - Art dramatique (DCO)","","","","","","FAG01064-UE2 - Recherche et culture","",""
"","","ARTINTST - Artiste interprète en studio","","","","","","FAG01064-UE3 - Professionnalisation","",""
"","","AT003 - Accords et temperaments","","","","","","FLU01063-UE1 - Pratique artistique","",""
"","","AT086 - Atelier 1er cycle","","","","","","FLU01063-UE2 - Recherche et culture","",""
"","","AT087 - Improvisation / interprétation / composition","","","","","","FLU01063-UE3 - Professionnalisation","",""
"","","BA096 - Basse continue (Clavecinistes)","","","","","","FLU01064-UE1 - Pratique artistique","",""
"","","BA097 - Basse continue (Harpe)","","","","","","FLU01064-UE2 - Recherche et culture","",""
"","","BA099 - Basse continue (Initiation)","","","","","","FLU01064-UE3 - Professionnalisation","",""
"","","BA102 - Basse continue organistes (imposée)","","","","","","FLU02063-UE1 - Pratique artistique","",""
"","","BA105 - Basson français","","","","","","FLU02063-UE2 - Recherche et culture","",""
"","","BA114 - Basson baroque (Initiation)","","","","","","FLU02063-UE3 - Professionnalisation","",""
"","","BA117 - Batterie Jazz","","","","","","FLU02064-UE1 - Pratique artistique","",""
"","","BCO0002 - Basse continue organistes","","","","","","FLU02064-UE2 - Recherche et culture","",""
"","","BEN026 - Ecriture Benesh : De l'alphabet au langage du mouvement","","","","","","FLU02064-UE3 - Professionnalisation","",""
"","","CH123 - Chant","","","","","","FO318-UE1 - Pratique artistique","",""
"","","CH126 - Technique vocale B","","","","","","FO318-UE2 - Recherche et culture","",""
"","","Ch161 - Chant Jazz","","","","","","FO318-UE3 - Professionnalisation","",""
"","","CI135 - Cimbasso","","","","","","FSMS-UE1 - UE1 - Enseignements musicaux","",""
"","","cjazz1 - Culture du jazz appliquée J1","","","","","","FSMS-UE2 - UE2 - Enseignements scientifiques","",""
"","","cjazz2 - Culture du jazz appliquée J2","","","","","","FSMS-UE3 - UE3 - Enseignements techniques","",""
"","","cjazz3 - Culture du jazz appliquée J3","","","","","","FSMS-UE4 - UE4 - Enseignements pratiques","",""
"","","CL099 - Clavecin (initiation)","","","","","","FSMS-UE5 - UE5 - Enseignements complémentaires","",""
"","","CL138 - Clarinette","","","","","","FSMS-UE6 - UE6 - Production et recherche","",""
"","","CL140 - Clarinette basse","","","","","","FSMS-UE7 - UE7 - Enseignements pratiques","",""
"","","CL141 - Initiation à la clarinette basse","","","","","","FSMS-UE8 - UE8 - Enseignements de spécialisation","",""
"","","CL147 - Clarinette historique","","","","","","FSMS-UE9 - UE9 - Professionnalisation","",""
"","","CL150 - Clavecin - Basse Continue","","","","","","GUI01063-UE1 - Pratique artistique","",""
"","","CL151 - Clarinette historique (initiation)","","","","","","GUI01063-UE2 - Recherche et culture","",""
"","","CO156 - Composition","","","","","","GUI01063-UE3 - Professionnalisation","",""
"","","CO157 - Cursus IRCAM","","","","","","GUI01064-UE1 - Pratique artistique","",""
"","","CO165 - Contrebasse","","","","","","GUI01064-UE2 - Recherche et culture","",""
"","","CO166 - Contrebasse Jazz","","","","","","GUI01064-UE3 - Professionnalisation","",""
"","","CO168 - Contrebasse historique et violone","","","","","","HAR02063-UE1 - Pratique artistique","",""
"","","CO171 - Contrepoint","","","","","","HAR02063-UE2 - Recherche et culture","",""
"","","CO174 - Cor","","","","","","HAR02063-UE3 - Professionnalisation","",""
"","","CO180 - Cor ancien (Initiation)","","","","","","HAR02064-UE1 - Pratique artistique","",""
"","","CO181 - Contrebasse historique et violone (initiation)","","","","","","HAR02064-UE2 - Recherche et culture","",""
"","","CREAQUAT - Création en quatuor","","","","","","HAR02064-UE3 - Professionnalisation","",""
"","","CSFM - Cycle supérieur de formation musicale","","","","","","HAU01063-UE1 - Pratique artistique","",""
"","","CSFM02 - Formation musicale supérieure","","","","","","HAU01063-UE2 - Recherche et culture","",""
"","","Cumusap1 - Culture musicale appliquée C1","","","","","","HAU01063-UE3 - Professionnalisation","",""
"","","Cumusap2 - Culture musicale appliquée C2","","","","","","HAU01064-UE1 - Pratique artistique","",""
"","","Cumusap3 - Culture musicale appliquée C3","","","","","","HAU01064-UE2 - Recherche et culture","",""
"","","DA1 - Danse chanteurs·euses","","","","","","HAU01064-UE3 - Professionnalisation","",""
"","","DA186 - Danse baroque","","","","","","HAU02063-UE1 - Pratique artistique","",""
"","","DA189 - Danse baroque (Initiation)","","","","","","HAU02063-UE2 - Recherche et culture","",""
"","","DA192 - Danse classique - DCI","","","","","","HAU02063-UE3 - Professionnalisation","",""
"","","DA195 - Danse classique femme","","","","","","HAU02064-UE1 - Pratique artistique","",""
"","","DA198 - Danse classique homme","","","","","","HAU02064-UE2 - Recherche et culture","",""
"","","DA204 - Danse contact / improvisation","","","","","","HAU02064-UE3 - Professionnalisation","",""
"","","DA207 - Danse contemporaine","","","","","","IMP00063-UE1 - Pratique artistique","",""
"","","DA208 - Danse contemporaine - DCI","","","","","","IMP00063-UE2 - Recherche et culture","",""
"","","DA210 - Danse de caractère","","","","","","IMP00063-UE3 - Professionnalisation","",""
"","","DA212 - Danse jazz","","","","","","IMP00064-UE1 - Pratique artistique","",""
"","","Dacc1 - Didactique de l'accordéon D1","","","","","","IMP00064-UE2 - Recherche et culture","",""
"","","Dacc2 - Didactique de l'accordéon D2","","","","","","IMP00064-UE3 - Professionnalisation","",""
"","","Dacc3 - Didactique de l'accordéon D3","","","","","","IMP00065-UE1 - Pratique artistique","",""
"","","Dalto1 - Didactique de l'alto D1","","","","","","IMP00065-UE2 - Recherche et culture","",""
"","","Dalto2 - Didactique de l'alto D2","","","","","","IMP00065-UE3 - Professionnalisation","",""
"","","Dalto3 - Didactique de l'alto D3","","","","","","IMP00066-UE1 - Pratique artistique","",""
"","","Dbasson - Didactique du basson D1","","","","","","IMP00066-UE2 - Recherche et culture","",""
"","","Dbasson2 - Didactique du basson D2","","","","","","IMP00066-UE3 - Professionnalisation","",""
"","","Dbasson3 - Didactique du basson D3","","","","","","IMP02063-UE1 - Pratique artistique","",""
"","","DCECMASTER - Disciplines complémentaires ECMAster","","","","","","JAZ01063-UE1 - Pratique artistique","",""
"","","Dcello1 - Didactique du violoncelle D1","","","","","","JAZ01063-UE2 - Recherche et culture","",""
"","","Dcello2 - Didactique du violoncelle D2","","","","","","JAZ01063-UE3 - Professionnalisation","",""
"","","Dcello3 - Didactique du violoncelle D3","","","","","","JAZ01064-UE1 - Pratique artistique","",""
"","","Dchant1 - Didactique du chant D1","","","","","","JAZ01064-UE2 - Recherche et culture","",""
"","","Dchant2 - Didactique du chant D2","","","","","","JAZ01064-UE3 - Professionnalisation","",""
"","","Dchant3 - Didactique du chant D3","","","","","","MUS01068-UE1 - Pratique artistique","",""
"","","Dclar1 - Didactique de la clarinette D1","","","","","","MUS01068-UE2 - Recherche et culture","",""
"","","Dclar2 - Didactique de la clarinette D2","","","","","","MUS01068-UE3 - Professionnalisation","",""
"","","Dclar3 - Didactique de la clarinette D3","","","","","","MUS02064-UE1 - Pratique artistique","",""
"","","Dclav1 - Didactique du clavecin D1","","","","","","MUS02064-UE2 - Recherche et culture","",""
"","","Dclav2 - Didactique du clavecin D2","","","","","","MUS02064-UE3 - Professionnalisation","",""
"","","Dclav3 - Didactique du clavecin D3","","","","","","OND01063-UE1 - Pratique artistique","",""
"","","DCO_EE - Engagement étudiant","","","","","","OND01063-UE2 - Recherche et culture","",""
"","","Dcontr1 - Didactique de la contrebasse D1","","","","","","OND01063-UE3 - Professionnalisation","",""
"","","Dcontr2 - Didactique de la contrebasse D2","","","","","","OND01064-UE1 - Pratique artistique","",""
"","","Dcontr3 - Didactique de la contrebasse D3","","","","","","OND01064-UE2 - Recherche et culture","",""
"","","Dcor1 - Didactique du cor D1","","","","","","OND01064-UE3 - Professionnalisation","",""
"","","Dcor2 - Didactique du cor D2","","","","","","ORG02063-UE1 - Pratique artistique","",""
"","","Dcor3 - Didactique du cor D3","","","","","","ORG02063-UE2 - Recherche et culture","",""
"","","DF1 - Diction lyrique française chanteurs·euses","","","","","","ORG02063-UE3 - Professionnalisation","",""
"","","Dflut1 - Didactique de la flûte D1","","","","","","ORG02064-UE1 - Pratique artistique","",""
"","","Dflut2 - Didactique de la flûte D2","","","","","","ORG02064-UE2 - Recherche et culture","",""
"","","Dflut3 - Didactique de la flûte D3","","","","","","ORG02064-UE3 - Professionnalisation","",""
"","","Dfm1 - Méthodologie de la formation musicale D1","","","","","","PER01063-UE1 - Pratique artistique","",""
"","","Dfm2 - Méthodologie de la formation musicale D2","","","","","","PER01063-UE2 - Recherche et culture","",""
"","","Dfm3 - Méthodologie de la formation musicale D3","","","","","","PER01063-UE3 - Professionnalisation","",""
"","","Dguitare1 - Didactique de la guitare D1","","","","","","PER01064-UE1 - Pratique artistique","",""
"","","Dguitare2 - Didactique de la guitare D2","","","","","","PER01064-UE2 - Recherche et culture","",""
"","","Dguitare3 - Didactique de la guitare D3","","","","","","PER01064-UE3 - Professionnalisation","",""
"","","Dhrp1 - Didactique de la harpe D1","","","","","","PIA01063-UE1 - Pratique artistique","",""
"","","Dhrp2 - Didactique de la harpe D2","","","","","","PIA01063-UE2 - Recherche et culture","",""
"","","Dhrp3 - Didactique de la harpe D3","","","","","","PIA01063-UE3 - Professionnalisation","",""
"","","Dhtbois1 - Didactique du hautbois D1","","","","","","PIA01064-UE1 - Pratique artistique","",""
"","","Dhtbois2 - Didactique du hautbois D2","","","","","","PIA01064-UE2 - Recherche et culture","",""
"","","Dhtbois3 - Didactique du hautbois D3","","","","","","PIA01064-UE3 - Professionnalisation","",""
"","","DI201 - Projets artistiques","","","","","","PIA02063-UE1 - Pratique artistique","",""
"","","DI214 - Diction lyrique Italienne accompagnateurs·rices","","","","","","PIA02063-UE2 - Recherche et culture","",""
"","","DI216 - Diction lyrique allemande chanteurs·euses (DNSPM 1 et 2)","","","","","","PIA02063-UE3 - Professionnalisation","",""
"","","DI217 - Diction lyrique allemande chanteurs·euses (DNSPM 3)","","","","","","PIA02064-UE1 - Pratique artistique","",""
"","","DI218 - Diction lyrique allemande chanteurs.euses (Master 1 et 2)","","","","","","PIA02064-UE2 - Recherche et culture","",""
"","","DI219 - Diction lyrique anglaise chanteurs·euses","","","","","","PIA02064-UE3 - Professionnalisation","",""
"","","DI225 - Diction lyrique allemande accompagnateurs·rices","","","","","","QUA01063-UE1 - Pratique artistique - Pratique artistique","",""
"","","DI227 - Diction lyrique anglaise accompagnateurs·rices","","","","","","QUA01063-UE2 - Recherche et culture - Recherche et culture","",""
"","","DI228 - Diction lyrique italienne chanteurs·euses (DNSPM 1 et 2)","","","","","","QUA01063-UE3 - Professionnalisation - Professionnalisation","",""
"","","DI229 - Diction lyrique italienne chanteurs·euses (DNSPM 3)","","","","","","QUA01064-UE1 - Pratique artistique","",""
"","","DI230 - Diction lyrique russe","","","","","","QUA01064-UE2 - Recherche et culture","",""
"","","DI234 - Direction d'orchestre","","","","","","QUA01064-UE3 - Professionnalisation","",""
"","","DI235 - Direction de choeur (initiation)","","","","","","SAX01063-UE1 - Pratique artistique","",""
"","","DI236 - Initiation à la direction d'ensembles pour les compositeur·trices","","","","","","SAX01063-UE2 - Recherche et culture","",""
"","","DI237 - Initiation à la direction d'orchestre A et B","","","","","","SAX01063-UE3 - Professionnalisation","",""
"","","DI238 - Direction de chant","","","","","","SAX01064-UE1 - Pratique artistique","",""
"","","DI240 - Chant grégorien","","","","","","SAX01064-UE2 - Recherche et culture","",""
"","","DI330 - Diction lyrique italienne chanteurs·euses (Master 1 et 2)","","","","","","SAX01064-UE3 - Professionnalisation","",""
"","","Djazz1 - Didactique du jazz D1","","","","","","SAX02063-UE1 - Pratique artistique","",""
"","","Djazz2 - Didactique du jazz D2","","","","","","SAX02063-UE2 - Recherche et culture","",""
"","","Djazz3 - Didactique du jazz D3","","","","","","SAX02063-UE3 - Professionnalisation","",""
"","","Dorgue1 - Didactique de l'orgue D1","","","","","","SAX02064-UE1 - Pratique artistique","",""
"","","Dorgue2 - Didactique de l'orgue D2","","","","","","SAX02064-UE2 - Recherche et culture","",""
"","","Dorgue3 - Didactique de l'orgue D3","","","","","","SAX02064-UE3 - Professionnalisation","",""
"","","Dpercu1 - Didactique des percussions D1","","","","","","TRO01063-UE1 - Pratique artistique","",""
"","","Dpercu2 - Didactique des percussions D2","","","","","","TRO01063-UE2 - Recherche et culture","",""
"","","Dpercu3 - Didactique des percussions D3","","","","","","TRO01063-UE3 - Professionnalisation","",""
"","","Dpiano1 - Didactique du piano D1","","","","","","TRO01064-UE1 - Pratique artistique","",""
"","","Dpiano2 - Didactique du piano D2","","","","","","TRO01064-UE2 - Recherche et culture","",""
"","","Dpiano3 - Didactique du piano D3","","","","","","TRO01064-UE3 - Professionnalisation","",""
"","","drama - Dramaturgie appliquée","","","","","","TRO02063-UE1 - Pratique artistique","",""
"","","dsax1 - Didactique du saxophone D1","","","","","","TRO02063-UE2 - Recherche et culture","",""
"","","Dsax2 - Didactique du saxophone D2","","","","","","TRO02063-UE3 - Professionnalisation","",""
"","","Dsax3 - Didactique du saxophone D3","","","","","","TRO02064-UE1 - Pratique artistique","",""
"","","Dtromb1 - Didactique du trombone D1","","","","","","TRO02064-UE2 - Recherche et culture","",""
"","","Dtromb2 - Didactique du trombone D2","","","","","","TRO02064-UE3 - Professionnalisation","",""
"","","Dtromb3 - Didactique du trombone D3","","","","","","TRO03063-UE1 - Pratique artistique","",""
"","","Dtromp1 - Didactique de la trompette D1","","","","","","TRO03063-UE2 - Recherche et culture","",""
"","","Dtromp2 - Didactique de la trompette D2","","","","","","TRO03063-UE3 - Professionnalisation","",""
"","","Dtrp3 - Didactique de la trompette D3","","","","","","TRO03064-UE1 - Pratique artistique","",""
"","","Dtuba1 - Didactique du Tuba D1","","","","","","TRO03064-UE2 - Recherche et culture","",""
"","","Dtuba2 - Didactique du tuba D2","","","","","","TRO03064-UE3 - Professionnalisation","",""
"","","Dtuba3 - Didactique du tuba D3","","","","","","TUB01063-UE1 - Pratique artistique","",""
"","","Dviolgambe1 - Didactique de la viole de gambe D1","","","","","","TUB01063-UE2 - Recherche et culture","",""
"","","Dviolgambe2 - Didactique de la viole de gambe D2","","","","","","TUB01063-UE3 - Professionnalisation","",""
"","","Dviolgambe3 - Didactique de la viole de gambe D3","","","","","","TUB01064-UE1 - Pratique artistique","",""
"","","Dviolon1 - Didactique du violon D1","","","","","","TUB01064-UE2 - Recherche et culture","",""
"","","Dviolon2 - Didactique du violon D2","","","","","","TUB01064-UE3 - Professionnalisation","",""
"","","Dviolon3 - Didactique du violon D3","","","","","","VIO01063-UE1 - Pratique artistique","",""
"","","EC246 - Écoute critique","","","","","","VIO01063-UE2 - Recherche et culture","",""
"","","EC249 - Initiation à l'écriture A","","","","","","VIO01063-UE3 - Professionnalisation","",""
"","","EC252 - Initiation à l'écriture B","","","","","","VIO01064-UE1 - Pratique artistique","",""
"","","EC253 - Ecriture et improvisation expérimentales","","","","","","VIO01064-UE2 - Recherche et culture","",""
"","","EC256 - Ecriture XXe et XXIe siècles","","","","","","VIO01064-UE3 - Professionnalisation","",""
"","","EC258 - Ecriture Benesh : analyse de situations complexes/ Approfondissements et applications contextualisées - 1er cycle 2e année","","","","","","VIO02063-UE1 - Pratique artistique","",""
"","","EC261 - Notation du mouvement Laban","","","","","","VIO02063-UE2 - Recherche et culture","",""
"","","EN267 - Ensembles vocaux A","","","","","","VIO02063-UE3 - Professionnalisation","",""
"","","EN270 - Ensembles vocaux B","","","","","","VIO02064-UE1 - Pratique artistique","",""
"","","ERD001 - Entrainement régulier de l'artiste chorégraphique","","","","","","VIO02064-UE2 - Recherche et culture","",""
"","","ES276 - Esthétique","","","","","","VIO02064-UE3 - Professionnalisation","",""
"","","ESTHEA - Esthétique A","","","","","","VIO03063-UE1 - Pratique artistique","",""
"","","ESTHEB - Esthétique B","","","","","","VIO03063-UE2 - Recherche et culture","",""
"","","ET279 - Ethnomusicologie","","","","","","VIO03063-UE3 - Professionnalisation","",""
"","","ET282 - Etude de rôles","","","","","","VIO03064-UE1 - Pratique artistique","",""
"","","ET288 - Etude des traités & ornement. (Initiation)","","","","","","VIO03064-UE2 - Recherche et culture","",""
"","","FA291 - Basson allemand","","","","","","VIO03064-UE3 - Professionnalisation","",""
"","","FL161 - Flûte Jazz","","","","","","VIO04063-UE1 - Pratique artistique","",""
"","","FL294 - Flûte","","","","","","VIO04063-UE2 - Recherche et culture","",""
"","","FL297 - Flûte piccolo (option)","","","","","","VIO04063-UE3 - Professionnalisation","",""
"","","FL298 - Flûte piccolo","","","","","","VIO04064-UE1 - Pratique artistique","",""
"","","FL300 - Flûte traversière baroque","","","","","","VIO04064-UE2 - Recherche et culture","",""
"","","FL303 - Flûte traversière baroque (Initiation)","","","","","","VIO04064-UE3 - Professionnalisation","",""
"","","FO305 - Formation des directeurs","","","","","","VIO05063-UE1 - Pratique artistique","",""
"","","FO312 - Formation musicale instrumentistes A - module oreille","","","","","","VIO05063-UE2 - Recherche et culture","",""
"","","FO312B - Formation musicale instrumentistes B - module rythme","","","","","","VIO05063-UE3 - Professionnalisation","",""
"","","FO312C - Formation musicale instrumentistes C - module chant","","","","","","VIO05064-UE1 - Pratique artistique","",""
"","","FO315 - Formation musicale FSMSI","","","","","","VIO05064-UE2 - Recherche et culture","",""
"","","FO318 - Formation supérieure aux métiers du son","","","","","","VIO05064-UE3 - Professionnalisation","",""
"","","FR321 - Français Langue Etrangère","","","","","","","",""
"","","FSMI-UE1-D3 - Narration audiovisuelle : scénographie, scénarisation, découpage","","","","","","","",""
"","","FSMI-UE1-D7 - Analyse filmique et esthétique des représentations musicales","","","","","","","",""
"","","FSMI-UE2-D1 - Mathématiques, traitement du signal vidéo","","","","","","","",""
"","","FSMI-UE2-D2 - Optique, couleur et lumière","","","","","","","",""
"","","FSMI-UE2-D3 - Vision : perception des images et de la couleur (l’œil et la vision), approche cognitive","","","","","","","",""
"","","FSMI-UE3-D1 - Technologies audio, technologies vidéo et lumière","","","","","","","",""
"","","FSMI-UE3-D2 - Ingénierie - Exploitation - Machinerie vidéo, post-production","","","","","","","",""
"","","FSMI-UE3-D3 - Prise de son, captation vidéo : nouveaux médias","","","","","","","",""
"","","FSMI-UE4-D1 - Prise de vue, éclairage, post-production","","","","","","","",""
"","","FSMI-UE4-D2 - Logiciels de montage, FX, motion design","","","","","","","",""
"","","FSMI-UE7-D1 - Réalisation / captation (direct live)","","","","","","","",""
"","","FSMI-UE7-D2 - Réalisation / écriture et narration (clip, EPK, court métrage, documentaire)","","","","","","","",""
"","","FSMI-UE7-D3 - Montage image","","","","","","","",""
"","","FSMI-UE8-D1 - Conseiller musical, scripte","","","","","","","",""
"","","FSMI-UE8-D2 - Réalisation clip musical et courte fiction à caractère musical","","","","","","","",""
"","","FSMI-UE8-D3 - Vidéo, projection et création","","","","","","","",""
"","","FU324 - Fugue et formes","","","","","","","",""
"","","GA327 - Gamelan","","","","","","","",""
"","","GR330 - Grand orchestre/Big band","","","","","","","",""
"","","GU333 - Guitare","","","","","","","",""
"","","GU334 - Guitare Jazz","","","","","","","",""
"","","HA336 - Harmonie","","","","","","","",""
"","","HA339 - Harmonie FSMSI","","","","","","","",""
"","","HA342 - Harmonisation au clavier A","","","","","","","",""
"","","HA345 - Harmonisation au clavier B","","","","","","","",""
"","","HA348 - Harpe","","","","","","","",""
"","","HA354 - Hautbois / Cor anglais","","","","","","","",""
"","","HA357 - Hautbois baroque","","","","","","","",""
"","","HA358 - Hautbois baroque (Initiation)","","","","","","","",""
"","","HI361 - Histoire de l'art","","","","","","","",""
"","","HI366 - Histoire de la musique","","","","","","","",""
"","","HI375 - Histoire du Jazz","","","","","","","",""
"","","IM101 - Initiation à la médiation","","","","","","","",""
"","","IM384 - Improvisation à l'orgue (DCI)","","","","","","","",""
"","","IM385 - Improvisation à l'orgue","","","","","","","",""
"","","IM386 - Improvisation au piano","","","","","","","",""
"","","IM390 - Improvisation générative","","","","","","","",""
"","","IM393 - Improvisation générative (Initiation)","","","","","","","",""
"","","IM405 - Musique de l'Inde et Improvisation modale","","","","","","","",""
"","","IMO - Improvisation au piano (initiation)","","","","","","","",""
"","","IMPGEN3C - Initiation à l’improvisation générative (3e cycle)","","","","","","","",""
"","","IN407 - Informatique musicale - initiation","","","","","","","",""
"","","INST3C - Instrument (3e cycle)","","","","","","","",""
"","","INTCREA - Interfaces et création","","","","","","","",""
"","","JA414 - Jazz (Initiation)","","","","","","","",""
"","","JA415 - Cuivres Jazz","","","","","","","",""
"","","JA416 - Masterclass / Interventions / Répétitions Jazz","","","","","","","",""
"","","JA417 - Batterie complémentaire","","","","","","","",""
"","","JA418 - Ear training","","","","","","","",""
"","","JA419 - Clarinette Jazz","","","","","","","",""
"","","JA420 - Oralité cognitive","","","","","","","",""
"","","LE432 - Lecture à vue (musique ancienne)","","","","","","","",""
"","","LE433 - Lecture à vue accordéon","","","","","","","",""
"","","LE434 - Lecture à vue cuivres","","","","","","","",""
"","","LE456 - Lecture à vue guitare","","","","","","","",""
"","","LE465 - Lecture à vue ondes Martenot","","","","","","","",""
"","","LE500 - Lecture à vue bois","","","","","","","",""
"","","LE502 - Lecture à vue cordes A","","","","","","","",""
"","","LE503 - Lecture à vue cordes B","","","","","","","",""
"","","LE505 - Lecture à vue piano A","","","","","","","",""
"","","LE506 - Lecture à vue piano B","","","","","","","",""
"","","LE507 - Lecture à vue percussion","","","","","","","",""
"","","LE509 - Lecture à vue harpe A","","","","","","","",""
"","","LE510 - Lecture à vue harpe B","","","","","","","",""
"","","LI501 - Atelier de la spectatrice et du spectateur : scènes et textes","","","","","","","",""
"","","LU507 - luths, théorbe et basse continue","","","","","","","",""
"","","LU510 - Luth et théorbe (Initiation)","","","","","","","",""
"","","MCA - Mémoire de CA","","","","","","","",""
"","","MCCA - Musique de chambre complémentaire A","","","","","","","",""
"","","MCCB - Musique de chambre complémentaire B","","","","","","","",""
"","","MCCC - Musique de chambre complémentaire C","","","","","","","",""
"","","MCCD - Musique de chambre complémentaire D","","","","","","","",""
"","","MDC3C - Musique de chambre (3e cycle)","","","","","","","",""
"","","MEDCREA - Médiation des répertoires contemporains et de la création","","","","","","","",""
"","","MEDQUAT - Médiation","","","","","","","",""
"","","MEM001 - Projet médiation","","","","","","","",""
"","","MFM1 - Méthodologie de la formation musicale D1","","","","","","","",""
"","","MU534 - Musique de chambre (chanteurs·euses)","","","","","","","",""
"","","MU537 - Musique de chambre (Musique ancienne)","","","","","","","",""
"","","MU538 - Musique de chambre-2e discipline principale (DMA)","","","","","","","",""
"","","MU540 - Musique de chambre","","","","","","","",""
"","","N0001 - Culture chorégraphique, histoire des systèmes d'écriture du mouvement","","","","","","","",""
"","","NB002 - Notation du mouvement Benesh 2ème cycle","","","","","","","",""
"","","NB003 - Ecriture Benesh : Fondamentaux du système / De l'alphabet au langage du mouvement-  1er cycle 1re année","","","","","","","",""
"","","NB004 - Histoire des systèmes d'écriture du mouvement","","","","","","","",""
"","","NB005 - Formation musicale Benesh 1er cycle 1ère année","","","","","","","",""
"","","NB006 - Dossier écriture 1 Benesh 1er cycle 1ère année","","","","","","","",""
"","","NB007 - Dossier écriture 2 Benesh 1er cycle 2ème année","","","","","","","",""
"","","NB008 - Analyse de partitions Benesh 1er cycle 2ème année","","","","","","","",""
"","","NB009 - Applications et outils pédagogiques Benesh 1er cycle 2ème année","","","","","","","",""
"","","NB010 - Ecrire une partition chorégraphique Benesh 1er cycle 2ème année","","","","","","","",""
"","","NB011 - Transmettre d'après une partition Benesh 1er cycle 2ème année","","","","","","","",""
"","","NB012 - Ecriture Benesh 2ème cycle 1ère année","","","","","","","",""
"","","NB013 - Séminaires interdisciplinaires Benesh 2è cycle 1ère année","","","","","","","",""
"","","NB014 - Projet vidéo Benesh 2è cycle 1ère année","","","","","","","",""
"","","NB015 - Notation à vue et partition de travail Benesh 2è cycle","","","","","","","",""
"","","NB016 - parcours 1 à 4 Benesh 2è cycle 1ère année","","","","","","","",""
"","","NB017 - méthodologie de la recherche Benesh 2è cycle 1ère année","","","","","","","",""
"","","NB018 - Accompagnement individuel Benesh 2è cycle 1ère année","","","","","","","",""
"","","NB019 - Bilan et perspectives Benesh 2è cycle 1ère année","","","","","","","",""
"","","NB020 - Projets professionnels Benesh 2è cycle 2ème année","","","","","","","",""
"","","NB026 - Ecriture Benesh : De l'alphabet au langage du mouvement","","","","","","","",""
"","","NB027 - Ecriture Benesh : Approfondissements et applications contextualisées","","","","","","","",""
"","","NB029 - Lecture et interprétation d'un extrait d'oeuvre solo","","","","","","","",""
"","","NB030 - Formation musicale appliquée à la notation du mouvement Benesh 1er cycle 2ème année","","","","","","","",""
"","","NB031 - AFCMD benesh 1er cycle 2ème année","","","","","","","",""
"","","NB032 - Notation à vue et partition de travail","","","","","","","",""
"","","NB033 - Accompagnement individuel Benesh 2è cycle 2ème année année","","","","","","","",""
"","","NB034 - Methodologie de la recherche Benesh 2ème cycle 2ème année","","","","","","","",""
"","","NEXT3C - Ensemble NEXT","","","","","","","",""
"","","NL003 - Etudes labanienne du mouvement 1er cycle 1re année","","","","","","","",""
"","","NL004 - Formation musicale Laban 1er cycle 1ère année","","","","","","","",""
"","","NL005 - Dossier d'écriture : Etablissement d'une partition Laban 1er cycle 1ère année","","","","","","","",""
"","","NL006 - Analyse labanienne du mouvement 1er cycle 2e année","","","","","","","",""
"","","NL007 - Lecture et interprétation d'une oeuvre solo d'après partition  Laban 1er cycle 1ère année","","","","","","","",""
"","","NL008 - Cinétographie Laban 2è cycle 1ère année","","","","","","","",""
"","","NL009 - Séminaire transmission Laban 2è cycle 1ère année","","","","","","","",""
"","","NL010 - Séminaire enseignement Laban 2è cycle 1ère année","","","","","","","",""
"","","NL011 - Projet personnel majeur Laban 2è cycle 2ème année","","","","","","","",""
"","","NL012 - Projet personnel mineur Laban 2è cycle 2ème année","","","","","","","",""
"","","NL013 - Méthodologie de la recherche Laban 2è cycle 2ème année","","","","","","","",""
"","","NL014 - Formation musicale Laban 1er cycle 2ème année","","","","","","","",""
"","","NL015 - Dossier écriture établissement d'une partition d'un duo ou d'un groupe- Laban 1er cycle 2ème année","","","","","","","",""
"","","NL016 - Lecture et transmission d'une oeuvre d'après partition Laban 1er cycle 2ème année","","","","","","","",""
"","","NL338 - Cinétographie Laban 1er cycle -1ère année","","","","","","","",""
"","","NOT001 - Cours - Notation du mouvement","","","","","","","",""
"","","ON552 - Ondes Martenot","","","","","","","",""
"","","ON553 - Initiation aux ondes Martenot","","","","","","","",""
"","","OR555 - Orchestration Sup.","","","","","","","",""
"","","OR558 - Initiation à l'orchestration","","","","","","","",""
"","","OR561 - Orchestration FSMSI","","","","","","","",""
"","","OR573 - Orgue-interprétation","","","","","","","",""
"","","PA001 - Projets artistiques","","","","","","","",""
"","","PAR001 - Partnering","","","","","","","",""
"","","PE582 - Percussion","","","","","","","",""
"","","PE612 - Pédagogie Alto","","","","","","","",""
"","","PE615 - Pédagogie Basson","","","","","","","",""
"","","PE618 - Pédagogie Bois","","","","","","","",""
"","","PE621 - Pédagogie Chant","","","","","","","",""
"","","PE624 - Pédagogie Clarinette","","","","","","","",""
"","","PE626 - Pédagogie Clavecin","","","","","","","",""
"","","PE627 - Pédagogie Contrebasse","","","","","","","",""
"","","PE630 - Pédagogie Cor","","","","","","","",""
"","","PE633 - Pédagogie Cuivres","","","","","","","",""
"","","PE636 - Pédagogie Flûtes","","","","","","","",""
"","","PE637 - Pédagogie Guitare","","","","","","","",""
"","","PE638 - Pédagogie Harpe","","","","","","","",""
"","","PE639 - Pédagogie Hautbois","","","","","","","",""
"","","PE640 - Pédagogie Orgue","","","","","","","",""
"","","PE641 - Pédagogie Percussion","","","","","","","",""
"","","PE642 - Pédagogie Piano","","","","","","","",""
"","","PE645 - Pédagogie Saxophones","","","","","","","",""
"","","PE648 - Pédagogie Trombone","","","","","","","",""
"","","PE651 - Pédagogie Trompette","","","","","","","",""
"","","PE652 - Pédagogie Tuba-Saxhorn","","","","","","","",""
"","","PE654 - Pédagogie Violon","","","","","","","",""
"","","PE657 - Pédagogie Violoncelle","","","","","","","",""
"","","PHI - Pratique historiquement informée","","","","","","","",""
"","","PI585 - Piano","","","","","","","",""
"","","PI588 - Piano chanteurs·euses","","","","","","","",""
"","","PI590 - Piano Jazz","","","","","","","",""
"","","PI591 - Piano complémentaire (Écriture)","","","","","","","",""
"","","PI592 - Piano complémentaire Jazz","","","","","","","",""
"","","PI597 - Pianoforte","","","","","","","",""
"","","PI600 - Pianoforte (Initiation)","","","","","","","",""
"","","PMD001 - Réalisation d'un mémoire de recherche en lien avec des enjeux chorégraphiques","","","","","","","",""
"","","PO604 - Polyphonie XVème - XVIIème siècles","","","","","","","",""
"","","PP002 - Projet personnel danse","","","","","","","",""
"","","PPCA - Projet pédagogique","","","","","","","",""
"","","PPD001 - Préparation physique danseurs","","","","","","","",""
"","","PPR - Participation à un projet de recherche","","","","","","","",""
"","","PROFINT - Professionnalisation de l’interprète","","","","","","","",""
"","","PROJPRO - Projet professionnel","","","","","","","",""
"","","RE670 - Initiation duo piano-chant (anciennement Récital mélodie et Lied)","","","","","","","",""
"","","RE672 - Répertoire et tradition orale","","","","","","","",""
"","","RE678 - Répertoire baroque","","","","","","","",""
"","","RNC - Répertoire Classique, Néo-classique & contemporain (danse)","","","","","","","",""
"","","RP1 - Répertoires et pratiques de la formation musicale R1","","","","","","","",""
"","","RP2 - Répertoires et pratiques de la formation musicale R2","","","","","","","",""
"","","RP3 - Répertoires et pratiques de la formation musicale R3","","","","","","","",""
"","","SA687 - Saxhorn / Euphonium","","","","","","","",""
"","","SA690 - Saxophone","","","","","","","",""
"","","SA691 - Saxophone Jazz","","","","","","","",""
"","","Sceduc1 - Sciences de l'éducation S1","","","","","","","",""
"","","Sceduc2 - Sciences de l'éducation S2","","","","","","","",""
"","","Sceduc3 - Sciences de l'éducation S3","","","","","","","",""
"","","SDID - Stage de didactique de la discipline","","","","","","","",""
"","","SDIDJAZ - Stage de didactique de la pratique individuelle jazz","","","","","","","",""
"","","SE694 - Section rythmique","","","","","","","",""
"","","SE695 - Serpent","","","","","","","",""
"","","SESSECMA - Sessions ECMA","","","","","","","",""
"","","SO702 - Son (Initiation)","","","","","","","",""
"","","ST001 - Stage d'insertion professionnelle","","","","","","","",""
"","","ST01 - Stage FSMSI","","","","","","","",""
"","","STAGE3C - Stage d’insertion professionnelle (3e cycle)","","","","","","","",""
"","","TE720 - Technique Alexander (application à la voix et aux instruments)","","","","","","","",""
"","","TH729 - Theâtre instrumental","","","","","","","",""
"","","TPFSMS - Travaux pratiques FSMSI","","","","","","","",""
"","","TR741 - Travail de la scène 1er cycle","","","","","","","",""
"","","TR742 - Travail de la scène 2e cycle","","","","","","","",""
"","","TR743 - Travail sur le rythme","","","","","","","",""
"","","TR744 - Trombone","","","","","","","",""
"","","TR745 - Trombone Jazz","","","","","","","",""
"","","TR747 - Trombone alto","","","","","","","",""
"","","TR749 - Trombone basse","","","","","","","",""
"","","TR753 - Trombone contrebasse","","","","","","","",""
"","","TR757 - Trompette Jazz","","","","","","","",""
"","","TR759 - Trompette","","","","","","","",""
"","","TR762 - Trompette basse","","","","","","","",""
"","","TRBH1 - Trombone historique (initiation)","","","","","","","",""
"","","TSF001 - Pointes et variations","","","","","","","",""
"","","TSG001 - Technique spécifique homme","","","","","","","",""
"","","TU765 - Tuba","","","","","","","",""
"","","UE7AN - Anglais : métiers de l'audiovisuel - Part 2","","","","","","","",""
"","","VB161 - Vibraphone Jazz","","","","","","","",""
"","","VI161 - Violon Jazz","","","","","","","",""
"","","VI774 - Viole de gambe","","","","","","","",""
"","","VI777 - Viole de gambe (Initiation)","","","","","","","",""
"","","VI780 - Violon","","","","","","","",""
"","","VI783 - Violon baroque","","","","","","","",""
"","","VI786 - Violon baroque (Initiation)","","","","","","","",""
"","","VI792 - Violoncelle","","","","","","","",""
"","","VI795 - Violoncelle baroque","","","","","","","",""
"","","VI798 - Violoncelle baroque (Initiation)","","","","","","","",""
"","","YGD001 - Yoga Danseurs","","","","","","","",""
